Task ID,Task Name,Stage,Start Week,Duration (weeks),Depends On,Critical Path,Role Owner
F1.1,Database Schema Design,1-Foundation,1,3,,N,Architect
F1.2,Database Migration Framework,1-Foundation,4,2,F1.1,N,Civil Engineer
F1.3,Database Health Monitoring,1-Foundation,6,1,F1.2,N,Civil Engineer
F1.4,Database Connection Pooling,1-Foundation,6,2,F1.2,N,Civil Engineer
F1.5,Authentication System,1-Foundation,4,3,F1.1,Y,Architect
F1.6,Authorization RBAC,1-Foundation,7,2,F1.5,N,Architect
F1.7,API Infrastructure,1-Foundation,7,3,F1.5,Y,Architect
F1.8,Error Handling System,1-Foundation,1,2,,Y,Architect
F1.9,Logging & Observability,1-Foundation,3,2,,N,Civil Engineer
F1.10,Caching Layer,1-Foundation,8,2,F1.4,N,Civil Engineer
F1.11,Environment Configuration,1-Foundation,1,1,,N,Civil Engineer
F1.12,Docker Deployment,1-Foundation,2,2,F1.11,N,Civil Engineer
F2.1,Bill CRUD Operations,2-Core,10,4,F1.1|F1.5|F1.7,Y,Architect
F2.2,Bill Tracking System,2-Core,14,2,F2.1|I1.21,N,Architect
F2.3,User Registration/Login,2-Core,10,2,F1.5|F1.7,Y,Architect
F2.4,User Profile Management,2-Core,12,2,F2.3,N,Architect
F2.5,Comment System,2-Core,14,2,F2.1|F2.3|I1.21,N,Architect
F2.6,Search Functionality,2-Core,14,3,F1.1|F1.10,N,Architect
F2.7,Notification System,2-Core,14,2,F2.3|I1.22,N,Architect
F2.8,User Dashboard,2-Core,16,2,F2.4|F3.4,N,Architect
F2.9,Bill Analysis Basic,2-Core,17,4,F2.1|I1.23,Y,Architect
F2.10,Sponsorship Tracking,2-Core,16,2,F2.1|I1.19,N,Architect
F3.1,Recommendation Engine,3-Supporting,17,3,F2.1|F2.4|F2.6,N,Architect
F3.2,Analytics Dashboard,3-Supporting,18,2,F2.1|F2.4|F2.5,N,Architect
F3.3,Feature Flags System,3-Supporting,10,2,F1.1,N,Architect
F3.4,Admin Panel,3-Supporting,14,2,F1.6|F2.4,N,Architect
F3.5,Monitoring System,3-Supporting,12,2,F1.9,N,Civil Engineer
F3.6,Constitutional Intelligence,3-Supporting,21,6,F2.1|I1.23,Y,Architect
F3.7,Argument Intelligence,3-Supporting,21,6,F2.5|I1.23,Y,Architect
F3.8,Pretext Detection,3-Supporting,21,4,F2.1|I1.23,Y,Architect
F3.9,Electoral Accountability,3-Supporting,25,4,F2.1|I1.19,Y,Architect
F3.10,Advocacy Coordination,3-Supporting,29,4,F2.1|F2.3|F3.9,N,Architect
F4.1,Error Recovery Strategies,4-Hardening,3,1,F1.8,N,Architect
F4.2,Security Hardening,4-Hardening,9,3,F1.5,N,Civil Engineer
F4.3,Performance Optimization,4-Hardening,20,4,F1.10|I1.21,Y,Civil Engineer
F4.4,Edge Case Testing,4-Hardening,24,4,F2.1-F2.10,N,Both
F4.5,Input Validation,4-Hardening,3,2,F1.8,N,Architect
F4.6,API Rate Limiting,4-Hardening,10,1,F1.7,N,Civil Engineer
F4.7,Data Integrity Checks,4-Hardening,7,2,F1.1,N,Civil Engineer
F4.8,Backup Strategy,4-Hardening,28,2,F1.4,Y,Civil Engineer
F4.9,Disaster Recovery Plan,4-Hardening,30,3,F4.8,Y,Civil Engineer
F4.10,Load Testing,4-Hardening,28,3,F2.1-F2.10,Y,Civil Engineer
F5.1,CI/CD Pipeline,5-Scale,4,4,F1.12,Y,Civil Engineer
F5.2,Deployment Automation,5-Scale,8,4,F1.12|F3.3,Y,Civil Engineer
F5.3,Monitoring Dashboards,5-Scale,14,3,F1.9|F3.5,N,Civil Engineer
F5.4,Log Aggregation,5-Scale,14,2,F1.9,N,Civil Engineer
F5.5,Performance Monitoring,5-Scale,16,2,F1.9,N,Civil Engineer
F5.6,Scalability Testing,5-Scale,31,3,F4.10,Y,Civil Engineer
F5.7,Database Optimization,5-Scale,18,3,F1.3|F4.7,N,Civil Engineer
F5.8,CDN Integration,5-Scale,12,2,F1.12,N,Civil Engineer
F5.9,Auto-scaling Setup,5-Scale,34,3,F5.2|F5.6,Y,Civil Engineer
F5.10,Incident Response,5-Scale,33,2,F4.9|F5.3,Y,Civil Engineer
F6.1,A/B Testing Framework,6-Growth,20,2,F3.3,N,Architect
F6.2,Analytics Integration,6-Growth,22,3,F3.2|F6.1,N,Architect
F6.3,API Versioning,6-Growth,25,2,F1.7,N,Architect
F6.4,API Documentation,6-Growth,27,3,F1.7,N,Architect
F6.5,Extensibility Hooks,6-Growth,30,4,F1.7,N,Architect
F6.6,Third-party Integrations,6-Growth,25,3,F1.5,N,Architect
F6.7,Mobile App API,6-Growth,27,4,F6.3,N,Architect
F6.8,Internationalization,6-Growth,20,3,,N,Architect
F6.9,Accessibility Compliance,6-Growth,31,4,F6.8,N,Architect
F6.10,SEO Optimization,6-Growth,35,3,F6.2|F6.9,N,Architect
I1.19,Government Data Integration,3-Supporting,18,8,F1.1|F1.7,Y,Both
I1.20,Government API Client,3-Supporting,18,6,I1.19,Y,Civil Engineer
I1.21,WebSocket Real-time,1-Foundation,8,2,F1.4,N,Civil Engineer
I1.22,Messaging Infrastructure,1-Foundation,10,2,F1.4,N,Civil Engineer
I1.23,ML Model Training,3-Supporting,18,12,EXTERNAL,Y,Architect
I1.24,ML Model Deployment,3-Supporting,30,4,I1.23,Y,Civil Engineer
I1.25,Graph Database Sync,3-Supporting,26,6,F1.1|I1.26,Y,Civil Engineer
I1.26,Neo4j Deployment,5-Scale,12,2,F1.12,N,Civil Engineer
I1.27,Influence Mapping,6-Growth,32,4,I1.25,N,Architect
I1.28,USSD Gateway Integration,3-Supporting,28,4,F1.1,N,Civil Engineer
