path,category,loc,size_kb,exports,last_commit,author,has_tests,has_todos
"client/src/DevWrapper.tsx",Other,46,1,"DevWrapper",2025-12-04,muski4real,no,no
"client/src/TestComponent.tsx",Other,20,0,"TestComponent",2025-12-04,muski4real,no,no
"client/src/adapters/secure-storage-adapter.ts",Other,382,12,"SecureStorageAdapter, TokenMigrationUtility",2025-12-04,muski4real,no,no
"client/src/components/AppProviders.tsx",Component,469,17,"AppProviders",2025-12-04,muski4real,no,no
"client/src/components/LazyPageWrapper.tsx",Component,17,1,"LazyPageWrapper",2025-12-02,muski4real,no,no
"client/src/components/MigrationManager.tsx",Component,148,5,"MigrationManager",2025-12-04,muski4real,no,no
"client/src/components/OfflineIndicator.tsx",Component,15,0,"OfflineStatus as OfflineIndicator",2025-11-20,muski4real,no,no
"client/src/components/OfflineModal.tsx",Component,9,0,"default",2025-11-20,muski4real,no,no
"client/src/components/ProjectOverview.tsx",Component,110,4,"ProjectOverview",2025-12-04,muski4real,no,no
"client/src/components/Sidebar.tsx",Component,88,4,"Sidebar",2025-12-04,muski4real,no,no
"client/src/components/SystemHealth.tsx",Component,224,7,"SystemHealth",2025-12-04,muski4real,no,no
"client/src/components/admin/admin-dashboard.tsx",Component,443,17,"",2025-12-04,muski4real,no,no
"client/src/components/analysis/comments.tsx",Component,647,25,"Comments",2025-12-04,muski4real,no,no
"client/src/components/analysis/section.tsx",Component,64,2,"SectionProps, AnalysisSection",2025-12-04,muski4real,no,no
"client/src/components/analysis/stats.tsx",Component,93,3,"BillStats",2025-12-04,muski4real,no,no
"client/src/components/analysis/timeline.tsx",Component,52,2,"ActionTimeline",2025-12-04,muski4real,no,no
"client/src/components/analytics/EngagementAnalyticsDashboard.tsx",Component,566,20,"EngagementAnalyticsDashboard",2025-12-04,muski4real,no,no
"client/src/components/analytics/JourneyAnalyticsDashboard.tsx",Component,428,16,"JourneyAnalyticsDashboard",2025-12-04,muski4real,no,no
"client/src/components/analytics/engagement-dashboard.tsx",Component,727,24,"EngagementDashboard",2025-12-04,muski4real,no,no
"client/src/components/analytics/index.ts",Component,32,1,"EngagementDashboard, JourneyAnalyticsDashboard, RealTimeEngagementDashboard, RealTimeEngagementDemo, useRealTimeEngagement, generateMockEngagementData",2025-11-27,muski4real,no,no
"client/src/components/analytics/real-time-engagement-demo.tsx",Component,387,14,"RealTimeEngagementDemo",2025-12-04,muski4real,no,no
"client/src/components/architecture-planning.tsx",Component,190,8,"ArchitecturePlanning",2025-12-04,muski4real,no,no
"client/src/components/asset-loading/AssetLoadingProvider.tsx",Component,47,2,"useAssetLoading, EnhancedAssetLoadingProvider",2025-12-04,muski4real,no,no
"client/src/components/auth/AuthRoutes.tsx",Component,207,5,"AuthRoutes, authRouteConfig, withAuthGuard, withAuth, withRole",2025-12-04,muski4real,no,no
"client/src/components/auth/OAuthLogin.tsx",Component,256,8,"OAuthLogin",2025-12-04,muski4real,no,no
"client/src/components/auth/PasswordStrengthIndicator.tsx",Component,145,4,"PasswordStrengthIndicator",2025-12-04,muski4real,no,no
"client/src/components/auth/SecurityDashboard.tsx",Component,431,16,"SecurityDashboard",2025-12-04,muski4real,no,no
"client/src/components/auth/SessionManager.tsx",Component,192,6,"SessionManager",2025-12-04,muski4real,no,no
"client/src/components/auth/SocialLogin.tsx",Component,208,7,"SocialLogin",2025-12-04,muski4real,no,no
"client/src/components/auth/config/index.ts",Component,11,0,"DEFAULT_AUTH_CONFIG, PASSWORD_STRENGTH_LEVELS, PASSWORD_STRENGTH_LABELS, PASSWORD_STRENGTH_COLORS",2025-11-27,muski4real,no,no
"client/src/components/auth/constants.ts",Component,200,6,"AUTH_MODES, AUTH_FIELD_NAMES, AUTH_VALIDATION_RULES, AUTH_ERROR_MESSAGES, AUTH_SUCCESS_MESSAGES",2025-11-03,muski4real,no,no
"client/src/components/auth/core/index.ts",Component,11,0,"",2025-11-27,muski4real,no,no
"client/src/components/auth/hooks/index.ts",Component,12,0,"useAuthForm, usePasswordStrength, 
  usePasswordVisibility, 
  usePasswordValidation",2025-10-28,muski4real,no,no
"client/src/components/auth/hooks/useAuthForm.ts",Component,354,12,"useAuthForm",2025-12-04,muski4real,no,no
"client/src/components/auth/hooks/useLoginForm.ts",Component,216,6,"LoginFormData, LoginFormActions, LoginFormRecovery, UseLoginFormOptions, UseLoginFormReturn",2025-12-04,muski4real,no,no
"client/src/components/auth/hooks/usePasswordUtils.ts",Component,128,3,"usePasswordStrength, usePasswordVisibility, usePasswordValidation",2025-12-04,muski4real,no,no
"client/src/components/auth/index.ts",Component,48,1,"AuthProvider, AuthGuard, RequireAuth, RequireRole, RequirePermission, RequireAdmin, RequireModerator, RequireExpert, SessionManager, SocialLogin, OAuthCallback",2025-12-04,muski4real,no,no
"client/src/components/auth/recovery.ts",Component,390,10,"RecoveryStrategy, RecoveryAction, RecoveryContext, getRecoveryStrategy, canAutoRecover",2025-11-03,muski4real,yes,no
"client/src/components/auth/types.ts",Component,114,3,"FormData, AuthFormProps, PasswordStrengthIndicatorProps, TwoFactorSetupProps, SocialLoginProps",2025-11-20,muski4real,no,no
"client/src/components/auth/ui/RegisterForm.tsx",Component,339,11,"RegisterForm",2025-12-04,muski4real,no,no
"client/src/components/auth/ui/index.ts",Component,12,0,"LoginForm, RegisterForm, AuthInput, AuthButton, AuthAlert",2025-10-30,muski4real,no,no
"client/src/components/auth/utils/index.ts",Component,8,0,"",2025-10-28,muski4real,no,no
"client/src/components/auth/utils/user-utils.ts",Component,265,8,"formatDisplayName, generateUserInitials, createUserSlug, sanitizeUserInput, validateEmailDomain",2025-11-20,muski4real,no,no
"client/src/components/auth/validation.ts",Component,246,8,"EmailSchema, PasswordSchema, StrongPasswordSchema, NameSchema, LoginSchema",2025-12-04,muski4real,yes,no
"client/src/components/bill-detail/BillAnalysisTab.tsx",Component,236,9,"",2025-12-04,muski4real,no,no
"client/src/components/bill-detail/BillCommunityTab.tsx",Component,155,6,"",2025-12-04,muski4real,no,no
"client/src/components/bill-detail/BillFullTextTab.tsx",Component,141,5,"",2025-12-04,muski4real,no,no
"client/src/components/bill-detail/BillHeader.tsx",Component,225,8,"BillHeader",2025-12-04,muski4real,no,no
"client/src/components/bill-detail/BillOverviewTab.tsx",Component,236,10,"",2025-12-04,muski4real,no,no
"client/src/components/bill-detail/BillRelatedTab.tsx",Component,222,8,"",2025-12-04,muski4real,no,no
"client/src/components/bill-detail/BillSponsorsTab.tsx",Component,82,3,"",2025-12-04,muski4real,no,no
"client/src/components/bill-detail/QuickActionsBar.tsx",Component,216,7,"QuickActionsBar",2025-12-04,muski4real,no,yes
"client/src/components/bill-detail/TabSkeleton.tsx",Component,70,3,"TabSkeleton",2025-12-04,muski4real,no,no
"client/src/components/bill-tracking/real-time-tracker.tsx",Component,436,15,"RealTimeBillTracker",2025-12-04,muski4real,no,no
"client/src/components/checkpoint-dashboard.tsx",Component,264,9,"CheckpointDashboard",2025-12-04,muski4real,no,no
"client/src/components/community/ActionCenter.tsx",Component,567,22,"ActionCenter",2025-12-04,muski4real,no,yes
"client/src/components/community/CommunityDataIntegration.tsx",Component,443,17,"CommunityDataIntegration",2025-12-04,muski4real,no,no
"client/src/components/community/CommunityHub.tsx",Component,606,20,"CommunityHubComponent as CommunityHub",2025-12-04,muski4real,no,no
"client/src/components/community/ExpertInsights.tsx",Component,466,17,"ExpertInsights",2025-12-04,muski4real,no,yes
"client/src/components/community/index.ts",Component,13,1,"CommunityHub, ActivityFeed, TrendingTopics, ExpertInsights, ActionCenter",2025-11-22,muski4real,no,no
"client/src/components/compatibility/BrowserCompatibilityChecker.tsx",Component,501,18,"",2025-12-04,muski4real,no,no
"client/src/components/compatibility/BrowserCompatibilityReport.tsx",Component,244,9,"",2025-12-04,muski4real,no,no
"client/src/components/compatibility/FeatureFallbacks.tsx",Component,575,16,"useIntersectionObserverFallback, useResizeObserverFallback, LazyImage, ClipboardButton, FullscreenButton",2025-12-04,muski4real,no,no
"client/src/components/conflict-of-interest/index.ts",Component,27,1,"ConflictOfInterestAnalysis, ConflictNetworkVisualization, FinancialExposureTracker, TransparencyScoring, HistoricalPatternAnalysis",2025-11-27,muski4real,no,no
"client/src/components/connection-status.tsx",Component,277,10,"ConnectionStatus",2025-12-04,muski4real,no,no
"client/src/components/coverage/coverage-dashboard.tsx",Component,420,14,"CoverageDashboard",2025-12-04,muski4real,no,no
"client/src/components/dashboard/action-items.tsx",Component,314,11,"ActionItems",2025-12-04,muski4real,no,no
"client/src/components/dashboard/activity-summary.tsx",Component,173,6,"ActivitySummary",2025-12-04,muski4real,no,no
"client/src/components/dashboard/components/DashboardStats.tsx",Component,213,7,"DashboardStats",2025-12-04,muski4real,no,no
"client/src/components/dashboard/components/TimeFilterSelector.tsx",Component,70,2,"TimeFilterSelector",2025-12-04,muski4real,no,no
"client/src/components/dashboard/components/WelcomeMessage.tsx",Component,152,5,"WelcomeMessage",2025-12-04,muski4real,no,no
"client/src/components/dashboard/hooks/index.ts",Component,10,0,"useDashboard, useDashboardActions, useDashboardTopics, useDashboardConfig",2025-10-28,muski4real,no,no
"client/src/components/dashboard/hooks/useDashboard.ts",Component,263,8,"useDashboard",2025-12-04,muski4real,no,yes
"client/src/components/dashboard/hooks/useDashboardActions.ts",Component,183,6,"UseDashboardActionsResult, useDashboardActions",2025-12-04,muski4real,no,yes
"client/src/components/dashboard/hooks/useDashboardConfig.ts",Component,188,6,"UseDashboardConfigResult, useDashboardConfig",2025-12-04,muski4real,no,yes
"client/src/components/dashboard/hooks/useDashboardTopics.ts",Component,215,7,"UseDashboardTopicsResult, useDashboardTopics",2025-12-04,muski4real,no,yes
"client/src/components/dashboard/index.ts",Component,63,1,"ActivitySummary, ActionItems, TrackedTopics, useDashboard,
  useDashboardActions,
  useDashboardTopics,
  useDashboardConfig, validateActionItem,
  validateActivitySummary,
  validateTrackedTopic,
  validateDashboardConfig,
  validateDashboardData,
  safeValidateActionItem,
  safeValidateTrackedTopic,
  safeValidateDashboardConfig",2025-10-28,muski4real,no,no
"client/src/components/dashboard/modals/DashboardPreferencesModal.tsx",Component,354,12,"DashboardPreferencesModal",2025-12-04,muski4real,no,no
"client/src/components/dashboard/modals/DataExportModal.tsx",Component,394,12,"DataExportModal",2025-12-04,muski4real,no,no
"client/src/components/dashboard/recovery.ts",Component,254,7,"RecoveryStrategy, RecoveryContext, getRecoveryStrategy, formatRecoverySuggestions",2025-12-04,muski4real,yes,no
"client/src/components/dashboard/sections/CivicMetricsSection.tsx",Component,319,11,"CivicMetricsSection",2025-12-04,muski4real,no,no
"client/src/components/dashboard/sections/EngagementHistorySection.tsx",Component,296,10,"EngagementHistorySection",2025-12-04,muski4real,no,no
"client/src/components/dashboard/sections/RecommendationsSection.tsx",Component,335,11,"RecommendationsSection",2025-12-04,muski4real,no,no
"client/src/components/dashboard/sections/TrackedBillsSection.tsx",Component,308,10,"TrackedBillsSection",2025-12-04,muski4real,no,no
"client/src/components/dashboard/tracked-topics.tsx",Component,329,12,"TrackedTopics",2025-12-04,muski4real,no,no
"client/src/components/dashboard/utils/dashboard-config-utils.ts",Component,262,8,"createDashboardConfig, mergeDashboardConfigs, getRefreshIntervalOptions, getDashboardSectionOptions, validateConfigurationLimits",2025-12-04,muski4real,no,no
"client/src/components/dashboard/utils/dashboard-formatters.ts",Component,217,6,"formatActivitySummary, formatActionItem, formatTrackedTopic, formatDashboardData",2025-11-27,muski4real,no,no
"client/src/components/dashboard/utils/index.ts",Component,9,0,"formatDashboardData, dashboardConstants, createDashboardConfig",2025-10-28,muski4real,no,no
"client/src/components/database-status.tsx",Component,213,7,"DatabaseStatus, useDatabaseStatus",2025-12-04,muski4real,no,no
"client/src/components/decision-matrix.tsx",Component,200,8,"DecisionMatrix",2025-12-04,muski4real,no,no
"client/src/components/discussion/CommunityReporting.tsx",Component,375,13,"CommunityReporting",2025-12-04,muski4real,no,no
"client/src/components/discussion/DiscussionDemo.tsx",Component,211,8,"DiscussionDemo",2025-12-04,muski4real,no,no
"client/src/components/discussion/index.ts",Component,36,1,"DiscussionThread, CommentItem, CommentForm, CommunityReporting, useDiscussion",2025-11-27,muski4real,no,no
"client/src/components/education/index.ts",Component,12,0,"PlainLanguageSummary, ConstitutionalContext, HistoricalPrecedents, ProcessEducation, EducationalFramework",2025-11-12,muski4real,no,no
"client/src/components/environment-setup.tsx",Component,156,6,"EnvironmentSetup",2025-12-04,muski4real,no,no
"client/src/components/error-boundaries/ErrorBoundaryProvider.tsx",Component,271,9,"ErrorBoundaryProvider",2025-12-04,muski4real,no,no
"client/src/components/error-boundaries/examples/ErrorBoundaryExample.tsx",Component,202,7,"ErrorBoundaryExample",2025-12-04,muski4real,no,no
"client/src/components/error-boundaries/index.ts",Component,20,1,"ErrorBoundary, withErrorBoundary, useErrorHandler, ErrorBoundaryProvider, ErrorSeverity, ErrorDomain",2025-11-27,muski4real,no,no
"client/src/components/error-handling/ErrorFallback.tsx",Component,154,5,"ErrorFallback, NetworkErrorFallback, ApiErrorFallback, ComponentErrorFallback, ChunkErrorFallback",2025-12-04,muski4real,no,no
"client/src/components/error-handling/ErrorRecoveryManager.tsx",Component,71,2,"ErrorRecoveryManagerProps, ErrorRecoveryManager",2025-12-04,muski4real,no,no
"client/src/components/error-handling/ServiceUnavailable.tsx",Component,134,5,"ServiceUnavailable",2025-12-04,muski4real,no,no
"client/src/components/error-handling/UnifiedErrorBoundary.tsx",Component,453,16,"UnifiedErrorBoundaryProps, UnifiedErrorBoundaryState, UnifiedErrorFallbackProps, UnifiedErrorBoundary",2025-12-04,muski4real,no,no
"client/src/components/error-handling/index.ts",Component,114,2,"default as ErrorBoundary, SimpleErrorBoundary, ErrorFallback,
  ApiErrorFallback,
  ComponentErrorFallback,
  ChunkErrorFallback,
  NetworkErrorFallback,
  CriticalErrorFallback, ServiceUnavailable, ErrorRecoveryManager",2025-11-27,muski4real,no,no
"client/src/components/error-handling/utils/contextual-messages.ts",Component,75,3,"getContextualMessage",2025-12-04,muski4real,no,no
"client/src/components/error-handling/utils/error-icons.tsx",Component,43,1,"getErrorIcon",2025-12-04,muski4real,no,no
"client/src/components/error-handling/utils/error-normalizer.ts",Component,105,2,"normalizeError",2025-12-04,muski4real,no,no
"client/src/components/error-handling/utils/error-reporter.ts",Component,104,3,"RecoveryStrategy, ErrorReport, FeedbackSubmission, createErrorReporter",2025-12-04,muski4real,no,no
"client/src/components/examples/SeamlessIntegrationExample.tsx",Component,307,12,"SeamlessIntegrationExample",2025-12-04,muski4real,no,no
"client/src/components/feature-flags-panel.tsx",Component,117,5,"FeatureFlagsPanel",2025-12-04,muski4real,no,no
"client/src/components/implementation/workarounds.tsx",Component,532,19,"ImplementationWorkarounds",2025-12-04,muski4real,no,no
"client/src/components/index.ts",Component,38,2,"default as Sidebar, default as AppProviders, default as ArchitecturePlanning, default as CheckpointDashboard, default as ConnectionStatus",2025-12-04,muski4real,no,no
"client/src/components/layout/SimpleAppLayout.tsx",Component,314,13,"SimpleAppLayout",2025-12-04,muski4real,no,no
"client/src/components/layout/app-layout.tsx",Component,449,14,"",2025-12-04,muski4real,no,no
"client/src/components/layout/mobile-header.tsx",Component,248,8,"MobileHeader",2025-12-04,muski4real,no,no
"client/src/components/layout/sidebar.tsx",Component,256,9,"Sidebar",2025-12-04,muski4real,no,no
"client/src/components/layout/types.ts",Component,199,5,"LayoutConfig, AppLayoutProps, MobileHeaderProps, HeaderAction, MobileNavigationProps",2025-10-30,muski4real,yes,no
"client/src/components/layout/validation.ts",Component,288,10,"LayoutTypeSchema, LayoutBreakpointSchema, SidebarStateSchema, HeaderStyleSchema, FooterStyleSchema",2025-12-04,muski4real,yes,no
"client/src/components/loading/AssetLoadingIndicator.tsx",Component,437,14,"AssetLoadingIndicatorProps, AssetLoadingIndicator, useAssetLoadingIndicator, AssetLoadingProvider, useAssetLoadingContext",2025-12-04,muski4real,no,no
"client/src/components/loading/FontFallback.tsx",Component,269,7,"FontFallbackConfig, FONT_STACKS, FontLoadState, FontFallbackProps, FontFallback",2025-12-04,muski4real,no,no
"client/src/components/loading/ImageFallback.tsx",Component,174,5,"ImageFallbackProps, ImageFallback, ImagePlaceholder, SafeImage",2025-12-04,muski4real,no,no
"client/src/components/loading/LoadingDemo.tsx",Component,352,14,"LoadingDemo",2025-12-04,muski4real,no,no
"client/src/components/loading/ScriptFallback.tsx",Component,330,9,"ScriptFallbackProps, ScriptFallback, useScriptFallback",2025-12-04,muski4real,no,no
"client/src/components/loading/constants.ts",Component,189,4,"DEFAULT_LOADING_SIZE, DEFAULT_LOADING_TYPE, DEFAULT_LOADING_PRIORITY, LOADING_SIZES, LOADING_TIMEOUTS",2025-11-20,muski4real,no,no
"client/src/components/loading/core/loadingCore.ts",Component,66,2,"LoadingCore",2025-12-04,muski4real,no,no
"client/src/components/loading/hooks/index.ts",Component,13,0,"",2025-10-28,muski4real,no,no
"client/src/components/loading/index.ts",Component,149,2,"useLoading,
  useLoadingState,
  useMultiLoadingState,
  useProgressiveLoading,
  useMultiProgressiveLoading,
  useTimeoutAwareLoading,
  useMultiTimeoutAwareLoading,, Skeleton,
  CardSkeleton,
  ListSkeleton,
  FormSkeleton,
  TextSkeleton,
  AvatarSkeleton,, DEFAULT_LOADING_SIZE,
  DEFAULT_LOADING_TYPE,
  DEFAULT_LOADING_PRIORITY,
  LOADING_SIZES,
  LOADING_TIMEOUTS,
  RETRY_DELAYS,
  MAX_RETRIES,
  DEFAULT_LOADING_CONFIG,
  LOADING_MESSAGES,
  LOADING_STAGES,, LoadingError,
  LoadingTimeoutError,
  LoadingValidationError,
  LoadingConfigurationError,
  LoadingOperationFailedError,
  LoadingNetworkError,
  LoadingAssetError,
  LoadingStageError,
  LoadingErrorType,
  isLoadingError,
  isTimeoutError,
  isValidationError,
  isNetworkError,
  isAssetError,
  isStageError,, validateLoadingProgress,
  validateLoadingStage,
  validateLoadingOperation,
  validateLoadingConfig,
  validateLoadingStats,
  safeValidateLoadingProgress,
  safeValidateLoadingOperation,
  safeValidateLoadingConfig,",2025-10-28,muski4real,no,no
"client/src/components/loading/recovery.ts",Component,126,4,"RecoveryContext, RecoveryResult, createRecoveryContext, LoadingRecoveryManager, useLoadingRecovery",2025-12-04,muski4real,no,no
"client/src/components/loading/types.ts",Component,192,5,"LoadingStateProps, LoadingProgress, LoadingStage, LoadingOperation, LoadingStats",2025-10-28,muski4real,no,no
"client/src/components/mobile/InfiniteScroll.tsx",Component,268,7,"InfiniteScroll, useInfiniteScroll",2025-12-04,muski4real,no,no
"client/src/components/mobile/MobileDataVisualization.tsx",Component,435,14,"DataPoint, ChartData, MobileBarChart, MobilePieChart, MobileMetricCard",2025-12-04,muski4real,no,no
"client/src/components/mobile/MobileLayout.tsx",Component,356,10,"MobileLayout, MobileContainer, MobileSection, MobileGrid",2025-12-04,muski4real,no,no
"client/src/components/mobile/MobileTabSelector.tsx",Component,334,10,"MobileTab, MobileTabSelector, useMobileTabs",2025-12-04,muski4real,no,no
"client/src/components/mobile/index.ts",Component,34,1,"MobileBottomSheet, useBottomSheet, MobileTabSelector, useMobileTabs, PullToRefresh, usePullToRefresh, InfiniteScroll, useInfiniteScroll, SwipeGestures, useSwipeGestures",2025-11-12,muski4real,no,no
"client/src/components/mobile/mobile-optimized-forms.tsx",Component,777,21,"MobileInput, MobilePasswordInput, MobileSearchInput, MobileSelect, MobileTextarea",2025-12-04,muski4real,no,no
"client/src/components/mobile/mobile-performance-optimizations.tsx",Component,488,13,"VirtualScroll, OptimizedImage, usePerformanceMonitoring, DebouncedInput, MemoizedList",2025-11-08,muski4real,no,no
"client/src/components/mobile/mobile-test-suite.tsx",Component,445,15,"MobileTestSuite",2025-12-04,muski4real,no,no
"client/src/components/navigation/ProgressiveDisclosureDemo.tsx",Component,48,1,"ProgressiveDisclosureDemo",2025-12-04,muski4real,no,no
"client/src/components/navigation/ProgressiveDisclosureSimple.tsx",Component,526,19,"SimpleProgressiveDisclosure",2025-12-04,muski4real,no,no
"client/src/components/navigation/hooks/index.ts",Component,5,0,"",2025-10-28,muski4real,no,no
"client/src/components/navigation/index.ts",Component,8,0,"useNav, useRouteAccess, useRelatedPages, NavLink, NavSection, DesktopSidebar, canViewItem, DEFAULT_NAVIGATION_MAP, SECTION_ORDER, SECTION_TITLES",2025-10-28,muski4real,no,no
"client/src/components/navigation/recovery.ts",Component,189,5,"RecoveryStrategy, NavigationRecoveryContext, NAVIGATION_RECOVERY_STRATEGIES, getRecoveryStrategies, getRecoverySuggestions",2025-11-03,muski4real,no,no
"client/src/components/navigation/types.ts",Component,31,1,"NavigationItem, RelatedPage",2025-10-28,muski4real,no,no
"client/src/components/navigation/ui/index.ts",Component,7,0,"",2025-10-28,muski4real,no,yes
"client/src/components/navigation/validation.ts",Component,137,5,"NavigationPathSchema, UserRoleSchema, NavigationItemSchema, RelatedPageSchema, UseRelatedPagesOptionsSchema",2025-12-04,muski4real,no,no
"client/src/components/notifications/NotificationCenter.tsx",Component,396,14,"NotificationCenter",2025-12-04,muski4real,no,no
"client/src/components/notifications/index.ts",Component,7,0,"NotificationCenter, NotificationItem, NotificationPreferences",2025-11-12,muski4real,no,no
"client/src/components/notifications/notification-preferences.tsx",Component,750,29,"NotificationPreferences",2025-12-04,muski4real,no,no
"client/src/components/offline/OfflineModal.tsx",Component,125,5,"OfflineModal",2025-12-04,muski4real,no,no
"client/src/components/performance/PerformanceDashboard.tsx",Component,379,13,"PerformanceDashboard",2025-12-04,muski4real,no,no
"client/src/components/performance/PerformanceMetricsCollector.tsx",Component,555,20,"PerformanceMetricsCollector",2025-12-04,muski4real,no,no
"client/src/components/performance/PerformanceOptimizationDashboard.tsx",Component,532,21,"PerformanceOptimizationDashboard",2025-12-04,muski4real,no,no
"client/src/components/privacy/CookieConsentBanner.tsx",Component,339,11,"CookieConsentBanner",2025-12-04,muski4real,no,no
"client/src/components/privacy/DataUsageReportDashboard.tsx",Component,729,29,"DataUsageReportDashboard",2025-12-04,muski4real,no,no
"client/src/components/privacy/GDPRComplianceManager.tsx",Component,762,28,"GDPRComplianceManager",2025-12-04,muski4real,no,no
"client/src/components/privacy/index.ts",Component,8,0,"CookieConsentBanner, DataUsageReportDashboard, default as GDPRComplianceManager",2025-11-20,muski4real,no,no
"client/src/components/privacy/privacy-dashboard.tsx",Component,583,23,"PrivacyDashboard",2025-12-04,muski4real,no,no
"client/src/components/privacy/privacy-policy.tsx",Component,316,13,"PrivacyPolicy",2025-12-04,muski4real,no,no
"client/src/components/realtime/RealTimeNotifications.tsx",Component,217,8,"RealTimeNotifications",2025-12-04,muski4real,no,no
"client/src/components/realtime/index.ts",Component,14,1,"default as RealTimeDashboard, RealTimeNotifications",2025-11-20,muski4real,no,no
"client/src/components/search/advanced-search.tsx",Component,352,12,"",2025-12-04,muski4real,no,no
"client/src/components/security/SecureForm.tsx",Component,288,9,"SecureForm",2025-12-04,muski4real,no,no
"client/src/components/security/SecurityDashboard.tsx",Component,440,17,"SecurityDashboard",2025-12-04,muski4real,no,no
"client/src/components/security/SecuritySettings.tsx",Component,591,21,"SecuritySettings",2025-12-04,muski4real,no,no
"client/src/components/settings/alert-preferences.tsx",Component,738,29,"AlertPreferences",2025-12-04,muski4real,no,no
"client/src/components/shared/auth/forms/SecurityLoginForm.tsx",Component,23,1,"SecurityLoginForm",2025-12-04,muski4real,no,no
"client/src/components/shared/auth/forms/StandardLoginForm.tsx",Component,23,1,"StandardLoginForm",2025-12-04,muski4real,no,no
"client/src/components/shared/auth/ui/AuthAlert.tsx",Component,123,4,"AuthAlertProps, AuthAlert, SuccessAlert, ErrorAlert, WarningAlert",2025-12-04,muski4real,no,no
"client/src/components/shared/auth/ui/AuthButton.tsx",Component,128,3,"AuthButtonProps, AuthButton, SubmitButton, ModeToggleButton, RetryButton",2025-12-04,muski4real,no,no
"client/src/components/shared/auth/ui/AuthInput.tsx",Component,157,4,"AuthInputProps, AuthInput, EmailInput, PasswordInput, ConfirmPasswordInput",2025-12-04,muski4real,no,no
"client/src/components/shared/dashboard/UserDashboard.tsx",Component,563,19,"UserDashboard",2025-12-04,muski4real,no,no
"client/src/components/shared/dashboard/sections/MigrationDashboard.tsx",Component,287,10,"MigrationDashboard",2025-12-04,muski4real,yes,no
"client/src/components/shared/dashboard/useMigrationDashboardData.ts",Component,218,7,"MigrationPhase, FeatureFlag, MigrationMetrics, MigrationDashboardData, useMigrationDashboardData",2025-12-02,muski4real,no,no
"client/src/components/shared/dashboard/variants/FullPageDashboard.tsx",Component,254,8,"FullPageDashboard",2025-12-04,muski4real,no,no
"client/src/components/shared/dashboard/variants/SectionDashboard.tsx",Component,230,9,"SectionDashboard",2025-12-04,muski4real,no,no
"client/src/components/shared/index.ts",Component,16,0,"",2025-12-02,muski4real,no,no
"client/src/components/shared/privacy/PrivacyManager.tsx",Component,73,2,"PrivacyManager",2025-12-04,muski4real,no,no
"client/src/components/shell/AppShell.tsx",Component,355,11,"AppShell",2025-12-04,muski4real,no,no
"client/src/components/shell/index.ts",Component,24,1,"AppShell, NavigationBar, AppRouter, ProtectedRoute, 
  AdminRoute, 
  ModeratorRoute, 
  VerifiedUserRoute, 
  AuthenticatedRoute,
  createProtectedRoute, SkipLinks, 
  SkipLink, 
  useSkipLinkTargets, 
  withSkipLinks",2025-11-12,muski4real,no,no
"client/src/components/system/HealthCheck.tsx",Component,116,3,"HealthCheck",2025-12-04,muski4real,no,no
"client/src/components/transparency/ConflictAnalysisDashboard.tsx",Component,563,22,"",2025-12-04,muski4real,no,no
"client/src/components/transparency/ConflictNetworkVisualization.tsx",Component,545,19,"",2025-12-04,muski4real,no,no
"client/src/components/ui/ErrorMessage.tsx",Component,40,1,"ErrorMessage",2025-12-04,muski4real,no,no
"client/src/components/ui/OptimizedImage.tsx",Component,308,8,"OptimizedImageProps, OptimizedImage, OptimizedAvatarProps, OptimizedAvatar, OptimizedCardImageProps",2025-12-04,muski4real,no,no
"client/src/components/ui/command.tsx",Component,156,5,"Command,
  CommandDialog,
  CommandInput,
  CommandList,
  CommandEmpty,
  CommandGroup,
  CommandItem,
  CommandShortcut,
  CommandSeparator,",2025-12-04,muski4real,no,no
"client/src/components/ui/components.tsx",Component,397,11,"EnhancedTabs, EnhancedTooltip, EnhancedAvatar, EnhancedProgress, EnhancedBadge",2025-12-04,muski4real,no,no
"client/src/components/ui/context-menu.tsx",Component,200,7,"ContextMenu,
  ContextMenuTrigger,
  ContextMenuContent,
  ContextMenuItem,
  ContextMenuCheckboxItem,
  ContextMenuRadioItem,
  ContextMenuLabel,
  ContextMenuSeparator,
  ContextMenuShortcut,
  ContextMenuGroup,
  ContextMenuPortal,
  ContextMenuSub,
  ContextMenuSubContent,
  ContextMenuSubTrigger,
  ContextMenuRadioGroup,",2025-12-04,muski4real,no,no
"client/src/components/ui/form-demo.tsx",Component,558,19,"FormDemo",2025-12-04,muski4real,no,no
"client/src/components/ui/hybrid-components.tsx",Component,412,10,"HybridButtonExample, StatusCardExample, ValidatedInputExample, ProgressCardExample, AutoDismissAlertExample",2025-12-04,muski4real,no,no
"client/src/components/ui/implementation-summary.tsx",Component,355,13,"ImplementationSummary",2025-12-04,muski4real,no,no
"client/src/components/ui/index.ts",Component,195,4,"UnifiedButton,
  unifiedButtonVariants,
  UnifiedCard,
  UnifiedCardHeader,
  UnifiedCardTitle,
  UnifiedCardDescription,
  UnifiedCardContent,
  UnifiedCardFooter,
  UnifiedBadge,
  unifiedBadgeVariants, Input, EnhancedInput, Form, 
  FormItem, 
  FormLabel, 
  FormControl, 
  FormDescription, 
  FormMessage, 
  FormField, 
  EnhancedForm,
  useFormField, Select,
  SelectGroup,
  SelectValue,
  SelectTrigger,
  SelectContent,
  SelectLabel,
  SelectItem,
  SelectSeparator,
  SelectScrollUpButton,
  SelectScrollDownButton,
  EnhancedSelect, Textarea, EnhancedTextarea",2025-11-20,muski4real,no,no
"client/src/components/ui/migration-examples.tsx",Component,370,10,"LegacyButtonExample, HybridButtonExample, LegacyFormExample, HybridFormExample, LegacyCardExample",2025-12-04,muski4real,no,no
"client/src/components/ui/navigation-menu.tsx",Component,130,5,"navigationMenuTriggerStyle,
  NavigationMenu,
  NavigationMenuList,
  NavigationMenuItem,
  NavigationMenuContent,
  NavigationMenuTrigger,
  NavigationMenuLink,
  NavigationMenuIndicator,
  NavigationMenuViewport,",2025-12-04,muski4real,no,no
"client/src/components/ui/scroll-area.tsx",Component,49,2,"ScrollArea, ScrollBar",2025-12-04,muski4real,no,no
"client/src/components/ui/sidebar.tsx",Component,763,23,"Sidebar,
  SidebarContent,
  SidebarFooter,
  SidebarGroup,
  SidebarGroupAction,
  SidebarGroupContent,
  SidebarGroupLabel,
  SidebarHeader,
  SidebarInput,
  SidebarInset,
  SidebarMenu,
  SidebarMenuAction,
  SidebarMenuBadge,
  SidebarMenuButton,
  SidebarMenuItem,
  SidebarMenuSkeleton,
  SidebarMenuSub,
  SidebarMenuSubButton,
  SidebarMenuSubItem,
  SidebarProvider,
  SidebarRail,
  SidebarSeparator,
  SidebarTrigger,
  useSidebar,",2025-12-04,muski4real,no,no
"client/src/components/ui/simple-button.tsx",Component,75,3,"SimpleButtonProps, SimpleButton, buttonVariants",2025-12-04,muski4real,no,no
"client/src/components/ui/test-components.tsx",Component,335,11,"TestButton, TestCard, TestForm, TestDialog, TestProgress",2025-12-04,muski4real,no,no
"client/src/components/ui/unified-button.tsx",Component,85,3,"UnifiedButtonProps, UnifiedButton, buttonVariants",2025-12-04,muski4real,no,no
"client/src/components/ui/unified-examples.tsx",Component,412,14,"UnifiedComponentExamples, ButtonExamples, CardExamples, BadgeExamples, CompositionExamples",2025-12-04,muski4real,no,no
"client/src/components/user/AccessibilitySettingsSection.tsx",Component,406,15,"AccessibilitySettingsSection",2025-12-04,muski4real,no,no
"client/src/components/user/UserAccountIntegration.tsx",Component,251,8,"UserAccountIntegration",2025-12-04,muski4real,no,no
"client/src/components/user/UserProfileSection.tsx",Component,305,12,"UserProfileSection",2025-12-04,muski4real,no,no
"client/src/components/verification/CommunityValidation.tsx",Component,413,14,"CommunityValidation, ValidationSummary",2025-12-04,muski4real,no,no
"client/src/components/verification/ExpertConsensus.tsx",Component,404,14,"ExpertConsensus, ConsensusIndicator",2025-12-04,muski4real,no,no
"client/src/components/verification/ExpertProfileCard.tsx",Component,458,17,"ExpertProfileCard",2025-12-04,muski4real,no,no
"client/src/components/verification/ExpertVerificationDemo.tsx",Component,470,18,"ExpertVerificationDemo",2025-12-04,muski4real,no,no
"client/src/components/verification/VerificationWorkflow.tsx",Component,378,14,"VerificationWorkflow",2025-12-04,muski4real,no,no
"client/src/components/verification/verification-list.tsx",Component,186,6,"VerificationsList",2025-12-04,muski4real,no,no
"client/src/config/api.ts",API,173,5,"defaultApiConfig, API_ENDPOINTS, CORS_CONFIG, TIMEOUT_CONFIG, RETRY_CONFIG",2025-11-20,muski4real,no,no
"client/src/config/feature-flags.ts",Other,36,1,"FEATURE_FLAGS, isFeatureEnabled, getAllFeatureFlags",2025-11-16,muski4real,no,no
"client/src/config/integration.ts",Other,261,7,"IntegrationConfig, defaultIntegrationConfig, getIntegrationConfig, FeatureFlags, IntegrationDiagnostics",2025-12-04,muski4real,no,no
"client/src/config/onboarding.ts",Other,77,1,"INTEREST_OPTIONS, DEFAULT_ONBOARDING_DATA, ACHIEVEMENT_TYPES, PROGRESS_MULTIPLIER",2025-10-28,muski4real,no,no
"client/src/constants/index.ts",Other,181,5,"API_BASE_URL, WS_BASE_URL, AUTH_TOKEN_KEY, REFRESH_TOKEN_KEY, USER_PREFERENCES_KEY",2025-12-02,muski4real,no,no
"client/src/contexts/NavigationContext.tsx",Context,18,1,"createNavigationProvider",2025-10-30,muski4real,no,no
"client/src/core/api.backup/index.ts",API,16,1,"globalApiClient, globalCache, globalConfig, globalErrorHandler, globalServiceLocator",2025-11-16,muski4real,no,no
"client/src/core/api/analytics.ts",Analytics,358,11,"AnalyticsApiService, createAnalyticsApiService",2025-12-04,muski4real,no,no
"client/src/core/api/bills.ts",API,831,25,"BillsSearchParams, PaginatedBillsResponse, BillEngagementData, BillComment, BillsStats",2025-12-04,muski4real,no,no
"client/src/core/api/examples/circuit-breaker-usage.ts",API,361,11,"createCustomClient, setupCircuitBreakerMonitoring, getHealthDashboardData, useCircuitBreakerHealth, useApiWithCircuitBreaker",2025-12-04,muski4real,no,no
"client/src/core/api/hooks/index.ts",Hook,9,0,"useApiWithFallback, useSafeMutation, useSafeQuery, useApiConnection",2025-11-20,muski4real,no,no
"client/src/core/api/hooks/use-api-with-fallback.ts",Hook,430,12,"UseApiOptions, UseApiResult, useApiWithFallback, UseMutationOptions, UseMutationResult",2025-12-04,muski4real,no,no
"client/src/core/api/hooks/use-safe-mutation.ts",Hook,114,2,"useSafeMutation, useSafePost, useSafePut, useSafeDelete",2025-12-04,muski4real,no,no
"client/src/core/api/hooks/use-safe-query.ts",Hook,317,10,"SafeQueryOptions, useSafeQuery, useAdminQuery, useCoordinatedQueries",2025-12-04,muski4real,no,no
"client/src/core/api/hooks/useApiConnection.ts",Hook,760,27,"ConnectionInfo, HealthStatus, DiagnosisResult, UseApiConnectionResult, useApiConnection",2025-12-04,muski4real,no,yes
"client/src/core/api/notifications.ts",API,891,27,"VapidKeyResponse, PushSubscriptionPayload, GetNotificationsOptions, SendNotificationPayload, NotificationStats",2025-12-04,muski4real,no,no
"client/src/core/api/privacy.ts",API,624,20,"AnalyticsEvent, AnalyticsConfig, UserConsent, AnalyticsMetrics, DataExportResponse",2025-12-04,muski4real,no,no
"client/src/core/api/system.ts",API,632,19,"SystemHealth, SystemStats, SystemEvent, ActiveUser, SystemActivity",2025-12-04,muski4real,no,no
"client/src/core/api/user.ts",API,771,25,"SavedBillsFilters, SavedBillsResponse, EngagementHistoryFilters, EngagementHistoryResponse, EngagementAction",2025-12-04,muski4real,no,no
"client/src/core/api/websocket.ts",API,1211,36,"BillsWebSocketConfig, BillStatusUpdate, BillEngagementUpdate, BillAmendmentUpdate, BillVotingUpdate",2025-12-04,muski4real,no,no
"client/src/core/dashboard/index.ts",Dashboard,12,0,"",2025-10-28,muski4real,no,no
"client/src/core/error/index.ts",Error,316,10,"initializeCoreErrorHandling, getErrorStats, getRecentErrors, getErrorsByType, getErrorsBySeverity",2025-12-04,muski4real,no,no
"client/src/core/index.ts",Other,85,2,"// Types
    type AppError,
    type ErrorContext,
    type ErrorRecoveryStrategy,
    type ErrorHandlerConfig,
    type ErrorListener,
    type ErrorStats,
    type ReactErrorInfo,
    type ErrorBoundaryProps,
    type ErrorFallbackProps,
    type RecoveryResult,

    // Enums
    ErrorDomain,
    ErrorSeverity,
    RecoveryAction,

    // Core handler
    coreErrorHandler,

    // Convenience functions
    createNetworkError,
    createValidationError,
    createAuthError,

    // Error boundary components
    EnhancedErrorBoundary,
    useErrorBoundary,
    withErrorBoundary,

    // Recovery strategies
    networkRetryStrategy,
    cacheClearStrategy,
    pageReloadStrategy,
    authRefreshStrategy,
    defaultRecoveryStrategies,
    registerDefaultRecoveryStrategies,
    executeRecovery,
    useRecovery,
    isRecoverable,

    // Initialization and utilities
    initializeCoreErrorHandling,
    getErrorStats,
    handleError,
    createError,
    logError,
    useCoreErrorHandler,, ..., ..., ...",2025-11-12,muski4real,no,no
"client/src/core/loading/components/GlobalLoadingIndicator.tsx",Component,100,3,"GlobalLoadingIndicatorProps, GlobalLoadingIndicator, useGlobalLoading",2025-12-04,muski4real,no,no
"client/src/core/loading/components/LoadingSkeleton.tsx",Component,146,4,"LoadingSkeletonProps, LoadingSkeleton, TextSkeleton, CardSkeleton, ListSkeleton",2025-12-04,muski4real,no,no
"client/src/core/loading/components/index.ts",Component,8,0,"LoadingSpinner, LoadingSkeleton, TextSkeleton, CardSkeleton, ListSkeleton, LoadingProgress, LoadingProgressBar, LoadingProgressCircle, GlobalLoadingIndicator, useGlobalLoading",2025-11-12,muski4real,no,no
"client/src/core/loading/hooks/useTimeoutAwareLoading.ts",Hook,385,11,"TimeoutConfig, TimeoutState, useTimeoutAwareLoading, useSmartTimeoutRecovery, useProgressiveTimeout",2025-12-04,muski4real,no,no
"client/src/core/loading/index.ts",Loading,36,1,"LoadingProvider as UnifiedLoadingProvider, useLoading as useUnifiedLoading, getConnectionMultiplier, shouldSkipOperation, LoadingPerformanceMonitor, globalLoadingMonitor, LOADING_SCENARIOS, LoadingScenarioBuilder, createOperationFromScenario",2025-11-12,muski4real,no,no
"client/src/core/loading/validation.ts",Loading,171,6,"LoadingValidationError, validateLoadingOperation, safeValidateLoadingOperation, validateLoadingScenario, validateProgressiveStage",2025-11-20,muski4real,no,no
"client/src/core/navigation/hooks/use-navigation-accessibility.ts",Hook,499,13,"useNavigationAccessibility, useNavigationKeyboardShortcuts",2025-12-04,muski4real,no,no
"client/src/core/navigation/hooks/use-navigation-performance.ts",Hook,353,9,"useNavigationPerformance, useLayoutStable",2025-12-04,muski4real,no,no
"client/src/core/navigation/hooks/use-navigation-preferences.tsx",Hook,227,7,"useNavigationPreferences",2025-12-04,muski4real,no,no
"client/src/core/navigation/hooks/use-unified-navigation.ts",Hook,94,2,"useUnifiedNavigation",2025-12-04,muski4real,no,no
"client/src/core/navigation/index.ts",Navigation,11,0,"",2025-10-28,muski4real,no,no
"client/src/core/navigation/reducer.ts",Navigation,179,5,"navigationReducer",2025-12-04,muski4real,no,no
"client/src/data/mock/index.ts",Other,17,0,"",2025-11-12,muski4real,no,no
"client/src/demo/community-integration-demo.ts",Other,402,13,"CommunityIntegrationDemo",2025-12-04,muski4real,no,no
"client/src/errors/index.ts",Error,145,4,"AppError, ValidationError, AuthenticationError, AuthorizationError, NotFoundError",2025-12-02,muski4real,no,no
"client/src/examples/WebSocketIntegrationExample.tsx",Other,364,11,"BasicWebSocketExample, BillTrackingExample, NotificationsExample, AdvancedWebSocketExample, WebSocketIntegrationExample",2025-12-04,muski4real,no,no
"client/src/examples/render-tracking-usage.tsx",Other,365,10,"ManualRenderTrackingExample, TrackedCounter, InfiniteRenderExample, RenderTrackingDashboard, IntegrateWithAppLayout",2025-12-04,muski4real,no,no
"client/src/features/analytics/components/AnalyticsDashboard.tsx",Component,306,12,"AnalyticsDashboard",2025-12-04,muski4real,no,no
"client/src/features/analytics/hooks/use-journey-tracker.ts",Hook,281,7,"useJourneyTracker, useJourneyAnalytics",2025-12-04,muski4real,no,no
"client/src/features/analytics/hooks/use-web-vitals.ts",Hook,168,5,"WebVitalsMetrics, WebVitalsHookOptions, useWebVitals, getPerformanceRating, usePerformanceBudget",2025-11-20,muski4real,no,no
"client/src/features/analytics/hooks/useErrorAnalytics.ts",Hook,376,11,"useErrorAnalytics, useRealTimeErrorMonitoring, useErrorAnalyticsExport",2025-12-04,muski4real,no,no
"client/src/features/analytics/index.ts",Analytics,6,0,"",2025-11-20,muski4real,no,no
"client/src/features/bills/index.ts",Other,48,0,"",2025-12-02,muski4real,no,no
"client/src/features/bills/ui/BillList.tsx",Other,228,9,"BillList",2025-12-04,muski4real,no,no
"client/src/features/bills/ui/BillRealTimeIndicator.tsx",Other,287,9,"BillRealTimeIndicator",2025-12-04,muski4real,no,yes
"client/src/features/bills/ui/MobileBillDetail.tsx",Other,578,20,"MobileBillDetail",2025-12-04,muski4real,no,yes
"client/src/features/bills/ui/MobileBillsDashboard.tsx",Dashboard,492,17,"MobileBillsDashboard",2025-12-04,muski4real,no,yes
"client/src/features/bills/ui/bill-list.tsx",Other,281,11,"BillList",2025-12-04,muski4real,no,no
"client/src/features/bills/ui/bill-tracking.tsx",Other,307,12,"",2025-12-04,muski4real,no,no
"client/src/features/bills/ui/bills-dashboard.tsx",Dashboard,663,22,"BillsDashboard",2025-12-04,muski4real,no,yes
"client/src/features/bills/ui/implementation-workarounds.tsx",Other,607,28,"ImplementationWorkarounds",2025-12-04,muski4real,no,no
"client/src/features/community/hooks/useDiscussion.ts",Hook,311,9,"useDiscussion",2025-12-04,muski4real,no,no
"client/src/features/pretext-detection/components/PretextDetectionPanel.tsx",Component,246,8,"PretextDetectionPanel",2025-12-04,muski4real,no,no
"client/src/features/pretext-detection/index.ts",Other,7,0,"PretextDetectionPanel, PretextWatchCard, CivicActionToolbox, usePretextAnalysis, PretextAnalysisService",2025-11-08,muski4real,no,no
"client/src/features/pretext-detection/services/PretextAnalysisService.ts",Service,296,9,"PretextAnalysisService",2025-12-02,muski4real,no,no
"client/src/features/search/components/SearchAnalyticsDashboard.tsx",Component,496,18,"SearchAnalyticsDashboard",2025-12-04,muski4real,no,no
"client/src/features/search/components/SearchFilters.tsx",Component,393,13,"SearchFilters",2025-12-04,muski4real,no,no
"client/src/features/search/components/SearchProgressIndicator.tsx",Component,183,5,"SearchProgressIndicator",2025-12-04,muski4real,no,no
"client/src/features/search/components/SearchResultCard.tsx",Component,403,13,"SearchResultCard",2025-12-04,muski4real,no,no
"client/src/features/search/components/SearchTips.tsx",Component,327,11,"SearchTips",2025-12-04,muski4real,no,no
"client/src/features/search/hooks/useStreamingSearch.ts",Hook,294,7,"useStreamingSearch",2025-12-04,muski4real,no,no
"client/src/features/search/index.ts",Search,71,1,"intelligentSearch as searchService, IntelligentSearchService, searchApiClient, searchApiClient as searchApi",2025-12-02,muski4real,no,no
"client/src/features/search/services/search-api.ts",Service,49,0,"searchApiClient as searchApi",2025-11-20,muski4real,no,no
"client/src/features/users/index.ts",Other,44,0,"",2025-11-20,muski4real,no,no
"client/src/hooks/index.ts",Hook,102,4,"useAuth, AuthProvider, useApiConnection, useApiWithFallback, useSafeMutation, useSafeQuery",2025-11-20,muski4real,no,no
"client/src/hooks/use-i18n.tsx",Hook,82,2,"I18nProvider, useI18n",2025-12-04,muski4real,no,no
"client/src/hooks/use-keyboard-focus.ts",Hook,82,1,"useKeyboardFocus",2025-12-04,muski4real,no,no
"client/src/hooks/use-mobile.tsx",Hook,138,4,"useIsMobile, useMediaQuery",2025-11-16,muski4real,no,no
"client/src/hooks/use-onboarding.tsx",Hook,70,2,"useOnboarding",2025-12-04,muski4real,no,no
"client/src/hooks/use-online-status.tsx",Hook,38,1,"useOnlineStatus",2025-12-04,muski4real,no,no
"client/src/hooks/use-performance-monitor.ts",Hook,413,11,"usePerformanceMonitor, usePerformanceBudget, useCoreWebVitals, usePerformanceAlert, useLazyLoading",2025-12-04,muski4real,no,no
"client/src/hooks/use-system.tsx",Hook,44,1,"useSystemHealth, useSystemStats, useSystemActivity, useSystemSchema, useSystemEnvironment",2025-12-04,muski4real,yes,no
"client/src/hooks/use-websocket.ts",Hook,393,12,"UseWebSocketOptions, UseWebSocketReturn, useWebSocket, useBillRealTime, useCommunityRealTime",2025-12-04,muski4real,no,no
"client/src/hooks/useCleanup.tsx",Hook,251,8,"useCleanup, useAbortController, useAsyncOperation",2025-11-16,muski4real,no,no
"client/src/hooks/useCommunityIntegration.ts",Hook,177,5,"useActivityFeed, useTrendingTopics, useExpertInsights, useCommunityStats, useLocalImpact",2025-12-04,muski4real,no,no
"client/src/hooks/useConnectionAware.tsx",Hook,250,8,"ConnectionInfo, useConnectionAware, useAdaptiveLoading",2025-11-08,muski4real,no,no
"client/src/hooks/useErrorRecovery.ts",Hook,421,12,"RecoveryStrategy, RecoveryContext, RecoveryState, useErrorRecovery, useAutoRecovery",2025-12-04,muski4real,no,no
"client/src/hooks/useMediaQuery.ts",Hook,37,1,"useMediaQuery",2025-11-12,muski4real,no,no
"client/src/hooks/useMockData.ts",Hook,354,9,"useMockData, useMockDataBatch, useRealTimeEvents, useMockDataService",2025-12-04,muski4real,no,no
"client/src/hooks/useOfflineCapabilities.ts",Hook,403,10,"OfflineState, OfflineCapabilities, useOfflineCapabilities, useOfflineQuery, useOfflineNotifications",2025-12-04,muski4real,no,no
"client/src/hooks/useOfflineDetection.tsx",Hook,228,7,"ConnectionQuality, OfflineDetectionState, useOfflineDetection",2025-12-04,muski4real,no,no
"client/src/hooks/usePasswordUtils.ts",Hook,156,4,"PasswordStrength, PasswordValidation, usePasswordUtils, usePasswordVisibility, usePasswordStrength",2025-12-02,muski4real,no,no
"client/src/hooks/usePretextAnalysis.ts",Hook,80,2,"PretextAnalysisResult, PretextAnalysisOptions, usePretextAnalysis",2025-12-04,muski4real,no,no
"client/src/hooks/useProgressiveDisclosure.ts",Hook,309,10,"NavigationSection, ReadingPath, ProgressiveDisclosureState, UseProgressiveDisclosureOptions, useProgressiveDisclosure",2025-11-12,muski4real,no,no
"client/src/hooks/useRealTimeEngagement.ts",Hook,500,14,"useRealTimeEngagement, generateMockEngagementData",2025-12-04,muski4real,no,no
"client/src/hooks/useSafeEffect.ts",Hook,41,1,"useSafeEffect, useIsMounted",2025-11-22,muski4real,no,no
"client/src/hooks/useSecurity.ts",Hook,307,9,"UseSecurityOptions, SecurityHookResult, useSecurity, useSecureForm, useRateLimit",2025-12-04,muski4real,no,no
"client/src/hooks/useService.ts",Hook,155,4,"useService, useServices, useServiceAvailable, useServiceHealth",2025-12-04,muski4real,no,no
"client/src/hooks/useServiceStatus.ts",Hook,56,1,"useServiceStatus",2025-12-04,muski4real,no,no
"client/src/lib/protected-route.tsx",Other,40,1,"ProtectedRoute",2025-12-04,muski4real,no,no
"client/src/lib/queryClient.ts",Other,105,2,"getQueryFn, queryClient",2025-12-04,muski4real,no,no
"client/src/lib/react-query-config.ts",Other,315,10,"queryClient, queryKeys, invalidateQueries, prefetchQueries, cacheUtils",2025-12-04,muski4real,no,no
"client/src/monitoring/index.ts",Other,336,10,"MonitoringConfig, SentryMonitoring,
  PerformanceMonitoring,
  ErrorMonitoring,",2025-12-04,muski4real,no,no
"client/src/pages/SecurityDemoPage.tsx",Page,458,18,"SecurityDemoPage",2025-12-04,muski4real,no,no
"client/src/pages/UserAccountPage.tsx",Page,142,6,"UserAccountPage",2025-12-04,muski4real,no,no
"client/src/pages/admin/coverage.tsx",Page,16,0,"CoveragePage",2025-12-04,muski4real,no,no
"client/src/pages/auth/ForgotPasswordPage.tsx",Page,162,6,"ForgotPasswordPage",2025-12-04,muski4real,no,no
"client/src/pages/auth/LoginPage.tsx",Page,81,2,"LoginPage",2025-12-04,muski4real,no,no
"client/src/pages/auth/PrivacyPage.tsx",Page,76,3,"PrivacyPage",2025-12-04,muski4real,no,no
"client/src/pages/auth/RegisterPage.tsx",Page,129,4,"RegisterPage",2025-12-04,muski4real,no,no
"client/src/pages/auth/ResetPasswordPage.tsx",Page,283,10,"ResetPasswordPage",2025-12-04,muski4real,no,no
"client/src/pages/auth/SecurityPage.tsx",Page,76,3,"SecurityPage",2025-12-04,muski4real,no,no
"client/src/pages/design-system-test.tsx",Page,20,1,"",2025-12-04,muski4real,no,no
"client/src/pages/legal/acceptable-use.tsx",Page,11,0,"AcceptableUsePage",2025-11-20,muski4real,no,no
"client/src/pages/legal/accessibility.tsx",Page,11,0,"AccessibilityPage",2025-11-20,muski4real,no,no
"client/src/pages/legal/compliance-ccpa.tsx",Page,11,0,"CcpaPage",2025-11-20,muski4real,no,no
"client/src/pages/legal/contact-legal.tsx",Page,11,0,"ContactLegalPage",2025-11-20,muski4real,no,no
"client/src/pages/legal/cookie-policy.tsx",Page,11,0,"CookiePolicyPage",2025-11-20,muski4real,no,no
"client/src/pages/legal/data-retention.tsx",Page,11,0,"DataRetentionPage",2025-11-20,muski4real,no,no
"client/src/pages/legal/dmca.tsx",Page,11,0,"DmcaPage",2025-11-20,muski4real,no,no
"client/src/pages/legal/privacy.tsx",Page,11,0,"PrivacyPage",2025-11-20,muski4real,no,no
"client/src/pages/legal/security.tsx",Page,11,0,"SecurityPage",2025-11-20,muski4real,no,no
"client/src/pages/legal/terms.tsx",Page,11,0,"TermsPage",2025-11-20,muski4real,no,no
"client/src/pages/sponsorship/co-sponsors.tsx",Page,594,27,"CosponsorAnalysis",2025-12-04,muski4real,no,no
"client/src/pages/sponsorship/financial-network.tsx",Page,523,24,"FinancialNetworkAnalysis",2025-12-04,muski4real,no,no
"client/src/pages/sponsorship/methodology.tsx",Page,462,22,"MethodologyPage",2025-12-04,muski4real,no,no
"client/src/pages/sponsorship/overview.tsx",Page,370,13,"sponsorhipOverview",2025-12-04,muski4real,no,no
"client/src/pages/sponsorship/primary-sponsor.tsx",Page,445,16,"PrimarySponsorAnalysis",2025-12-04,muski4real,no,no
"client/src/recovery/index.ts",Other,124,3,"RecoveryOptions, RecoveryManager, recoveryManager, withErrorRecovery, getRecoverySuggestions",2025-12-02,muski4real,no,no
"client/src/scripts/analyze-bundle.ts",Other,329,10,"CSSAnalyzer, PerformanceComparator",2025-12-04,muski4real,no,no
"client/src/scripts/migrate-components.ts",Component,334,11,"ComponentMigrator, COMPONENT_MIGRATIONS, STYLE_MIGRATIONS, ACCESSIBILITY_MIGRATIONS",2025-12-04,muski4real,no,no
"client/src/scripts/performance-audit.ts",Other,449,15,"PerformanceAuditor, type PerformanceMetrics, type ComparisonResult",2025-12-04,muski4real,no,no
"client/src/scripts/run-emergency-triage.ts",Other,335,11,"EmergencyTriageRunner",2025-12-04,muski4real,no,no
"client/src/scripts/validate-migration.ts",Other,292,9,"MigrationValidator, type ValidationResult",2025-12-04,muski4real,no,no
"client/src/security/csp/CSPManager.ts",Other,245,7,"CSPManager",2025-12-04,muski4real,no,no
"client/src/security/csrf/CSRFProtection.ts",Other,368,10,"CSRFProtection",2025-12-04,muski4real,no,no
"client/src/security/headers/SecurityHeaders.ts",Other,8,0,"",2025-11-20,muski4real,no,no
"client/src/security/rate-limiting/RateLimiter.ts",Other,389,11,"RateLimiter",2025-12-04,muski4real,no,no
"client/src/security/sanitization/InputSanitizer.ts",Other,347,10,"InputSanitizer",2025-12-04,muski4real,no,no
"client/src/services/PageRelationshipService.ts",Service,742,23,"PageRelationshipService",2025-11-20,muski4real,yes,no
"client/src/services/UserJourneyTracker.ts",Service,707,21,"JourneyStep, UserJourney, JourneyAnalytics, PathAnalytics, DropOffPoint",2025-11-20,muski4real,yes,no
"client/src/services/analysis.ts",Service,290,10,"BillAnalysis, analysisService",2025-12-04,muski4real,yes,no
"client/src/services/api-interceptors.ts",Service,75,2,"RequestInterceptor, requestInterceptors",2025-12-04,muski4real,no,no
"client/src/services/api.ts",Service,55,1,"api",2025-11-20,muski4real,no,no
"client/src/services/auth-service-init.ts",Service,13,0,"authService, AuthApiService as AuthService",2025-11-20,muski4real,no,no
"client/src/services/auth-service.ts",Service,943,31,"AuthService, authServiceInstance, authService",2025-12-04,muski4real,no,no
"client/src/services/bills-data-cache.ts",Service,780,23,"CacheEntry, CacheConfig, CacheStats, OfflineQueueItem, billsDataCache",2025-12-04,muski4real,no,no
"client/src/services/billsPaginationService.ts",Service,591,17,"PaginationConfig, PaginationState, PageData, VirtualScrollData, billsPaginationService",2025-12-04,muski4real,no,no
"client/src/services/billsWebSocketService.ts",Service,631,19,"BillsWebSocketConfig, BillStatusUpdate, BillEngagementUpdate, BillAmendmentUpdate, BillVotingUpdate",2025-12-04,muski4real,no,yes
"client/src/services/community-backend-service.ts",Service,911,28,"communityBackendService, CommunityBackendService",2025-12-04,muski4real,no,no
"client/src/services/dataRetentionService.ts",Service,477,13,"dataRetentionService, retentionUtils",2025-11-20,muski4real,no,no
"client/src/services/error-monitoring.tsx",Service,676,18,"errorMonitoring, ErrorBoundary, errorUtils",2025-12-04,muski4real,no,no
"client/src/services/errorAnalyticsBridge.ts",Service,633,20,"errorAnalyticsBridge, ErrorAnalyticsBridge",2025-11-20,muski4real,no,no
"client/src/services/mockDataService.ts",Service,341,9,"mockDataService, initializeMockDataService, dataLoaders",2025-12-04,muski4real,no,no
"client/src/services/mockUserData.ts",Service,421,12,"mockUserProfile, mockUserPreferences, mockSavedBills, mockEngagementHistory, mockDashboardData",2025-11-12,muski4real,no,no
"client/src/services/navigation.ts",Service,120,2,"NavigationService, BrowserNavigationService, navigationService",2025-10-28,muski4real,yes,no
"client/src/services/performance-monitoring.ts",Service,827,22,"performanceMonitoring, usePerformanceMonitoring, performanceUtils",2025-12-04,muski4real,no,no
"client/src/services/privacyAnalyticsService.ts",Service,1353,41,"privacyAnalyticsService, analyticsUtils, useAnalytics, withAnalytics, trackMethod",2025-12-04,muski4real,no,no
"client/src/services/realistic-demo-data.ts",Service,593,19,"DemoBill, DemoUser, DemoComment, demoBills, demoUsers",2025-12-04,muski4real,no,no
"client/src/services/webSocketService.ts",Service,330,9,"WebSocketService, webSocketService",2025-12-04,muski4real,no,no
"client/src/setupTests.ts",Other,81,1,"",2025-12-04,muski4real,no,no
"client/src/shared/design-system/accessibility/index.ts",Other,12,0,"",2025-10-28,muski4real,no,no
"client/src/shared/design-system/components/DesignStandardsDemo.tsx",Component,363,15,"DesignStandardsDemo",2025-10-28,muski4real,no,no
"client/src/shared/design-system/components/ResponsiveButton.tsx",Component,207,5,"ResponsiveButtonProps, ResponsiveButton",2025-12-04,muski4real,no,no
"client/src/shared/design-system/components/ResponsiveContainer.tsx",Component,79,2,"ResponsiveContainerProps, ResponsiveContainer",2025-12-04,muski4real,no,no
"client/src/shared/design-system/components/ResponsiveGrid.tsx",Component,101,2,"ResponsiveGridProps, ResponsiveGrid",2025-12-04,muski4real,no,no
"client/src/shared/design-system/components/ResponsiveInput.tsx",Component,312,10,"ResponsiveInputProps, ResponsiveInput",2025-12-04,muski4real,no,no
"client/src/shared/design-system/components/ResponsiveStack.tsx",Component,111,3,"ResponsiveStackProps, ResponsiveStack",2025-12-04,muski4real,no,no
"client/src/shared/design-system/components/TouchTarget.tsx",Component,116,3,"TouchTargetProps, TouchTarget",2025-12-04,muski4real,no,no
"client/src/shared/design-system/components/card.ts",Component,140,4,"cardDesignStandards, cardUtils",2025-12-04,muski4real,no,no
"client/src/shared/design-system/components/empty-states.ts",Component,597,19,"emptyStates, emptyStateUtils",2025-12-04,muski4real,no,no
"client/src/shared/design-system/components/error-states.ts",Component,566,18,"errorStates, errorStateUtils",2025-12-04,muski4real,no,no
"client/src/shared/design-system/components/interactive-states.ts",Component,283,9,"interactiveStates, interactiveStateUtils",2025-12-04,muski4real,no,no
"client/src/shared/design-system/components/loading-states.ts",Component,542,18,"SkeletonElement, loadingStates, loadingStateUtils",2025-12-04,muski4real,no,no
"client/src/shared/design-system/components/typography.ts",Component,314,10,"typographyDesignStandards, typographyUtils",2025-10-30,muski4real,no,no
"client/src/shared/design-system/index.ts",Other,19,0,"",2025-10-30,muski4real,no,no
"client/src/shared/design-system/lib/utils.ts",Utility,73,2,"cn, generateId, debounce, isEmpty, clamp",2025-10-28,muski4real,no,no
"client/src/shared/design-system/themes/index.ts",Other,11,0,"",2025-10-28,muski4real,no,no
"client/src/shared/design-system/utils/contrast.ts",Utility,264,7,"CONTRAST_THRESHOLDS, getContrastRatio, meetsContrastRequirement, getContrastLevel, generateAccessibleColors",2025-11-16,muski4real,no,no
"client/src/shared/design-system/utils/index.ts",Utility,11,0,"",2025-10-28,muski4real,no,no
"client/src/shared/index.ts",Other,19,0,"z",2025-10-28,muski4real,no,no
"client/src/shared/interfaces/unified-interfaces.ts",Other,561,17,"LoadingState, LoadingOptions, LoadingOperation, ProgressiveStage, LoadingIndicatorProps",2025-12-04,muski4real,yes,no
"client/src/store/slices/communitySlice.tsx",Other,1143,35,"communityKeys, CommunityUIProvider, useActivityFeed, useTrendingTopics, useExpertInsights",2025-12-04,muski4real,no,no
"client/src/stubs/database-stub.ts",Other,19,1,"database, db",2025-12-04,muski4real,no,no
"client/src/stubs/middleware-stub.ts",Other,17,1,"middleware",2025-12-04,muski4real,no,no
"client/src/test-utils/comprehensive-test-config.ts",Utility,175,4,"coverageThresholds, performanceThresholds, accessibilityConfig, visualRegressionConfig, e2eConfig",2025-11-12,muski4real,no,no
"client/src/test-utils/comprehensive-test-setup.tsx",Utility,477,15,"TestProviders, renderWithProviders, MockDataFactory, AccessibilityTestUtils, PerformanceTestUtils",2025-12-04,muski4real,no,no
"client/src/test-utils/navigation-test-utils.tsx",Utility,111,3,"mockNavigationService, MockRouterContext, renderWithNavigation, navigationTestHelpers",2025-12-04,muski4real,no,no
"client/src/test-utils/setup-a11y.ts",Utility,67,2,"",2025-11-12,muski4real,no,no
"client/src/test-utils/setup-integration.ts",Utility,389,11,"server",2025-12-04,muski4real,no,no
"client/src/test-utils/setup-performance.ts",Utility,482,14,"CORE_WEB_VITALS_THRESHOLDS, performanceTestUtils",2025-12-04,muski4real,no,no
"client/src/test-utils/setup.ts",Utility,396,11,"",2025-12-04,muski4real,no,no
"client/src/utils/archive/advanced-error-recovery.ts",Utility,462,15,"SmartRecoveryStrategy, RecoveryContext, SmartRecoveryEngine, smartRecoveryEngine, useSmartRecovery",2025-12-04,muski4real,no,no
"client/src/utils/archive/connectionAwareLoading.ts",Utility,486,13,"ConnectionInfo, LoadingStrategy, connectionAwareLoader, useConnectionAwareLoading, AdaptiveResourceLoader",2025-12-04,muski4real,no,no
"client/src/utils/archive/development-error-recovery.ts",Utility,667,22,"DevelopmentErrorRecovery",2025-12-04,muski4real,no,no
"client/src/utils/archive/index.ts",Utility,62,2,"logger, cn, tokenManager as secureTokenManager, sessionManager",2025-12-04,muski4real,no,no
"client/src/utils/archive/page-relationship-utils.ts",Utility,247,6,"PageRelationshipUtils",2025-12-04,muski4real,no,no
"client/src/utils/archive/super-aggressive-suppressor.ts",Utility,68,2,"applySuperAggressiveSuppression",2025-12-04,muski4real,no,no
"client/src/utils/browser-compatibility-tests.ts",Utility,620,17,"CompatibilityTestResult, CompatibilityTestSuite, BrowserCompatibilityTester, browserCompatibilityTester",2025-12-04,muski4real,no,no
"client/src/utils/bundle-analyzer.ts",Utility,336,10,"bundleAnalyzer",2025-12-04,muski4real,no,no
"client/src/utils/cacheInvalidation.ts",Utility,375,10,"CacheInvalidationConfig, CacheEntry, CacheStats, cacheInvalidation",2025-12-04,muski4real,no,no
"client/src/utils/cn.ts",Utility,11,0,"cn",2025-11-12,muski4real,no,no
"client/src/utils/comprehensiveLoading.ts",Utility,535,17,"LoadingScenario, LOADING_SCENARIOS, getAdjustedTimeout, normalizeConnectionType, calculateRetryDelay",2025-12-04,muski4real,no,no
"client/src/utils/dev-error-suppressor.ts",Utility,126,4,"",2025-12-04,muski4real,no,no
"client/src/utils/dev-tools.ts",Utility,857,30,"isDevelopment, isProduction, devConfig, DevServerCheck, DevelopmentDebugger",2025-12-04,muski4real,no,no
"client/src/utils/emergency-triage.ts",Utility,569,17,"ComponentError, TriageReport, CircuitBreakerConfig, emergencyTriage, startEmergencyTriage",2025-12-04,muski4real,yes,no
"client/src/utils/error-integration.ts",Utility,130,4,"ErrorIntegrationConfig, initializeErrorHandling, useErrorHandling, createStandardError, errorHandler, errorReporting, reportCustomError",2025-12-04,muski4real,no,no
"client/src/utils/error-setup.ts",Utility,251,9,"getErrorStats, cleanupOldErrors, errorHandler, getErrorSystemStatus, resetErrorSystem, createNetworkError,
  createValidationError,
  createAuthError,
  createPermissionError,
  createServerError,",2025-12-04,muski4real,no,no
"client/src/utils/error-suppression.ts",Utility,139,4,"initializeErrorSuppression",2025-11-20,muski4real,no,no
"client/src/utils/extension-error-suppressor.ts",Utility,79,2,"",2025-11-20,muski4real,no,no
"client/src/utils/i18n.ts",Utility,58,1,"en",2025-11-08,muski4real,yes,no
"client/src/utils/input-validation.ts",Utility,296,8,"ValidationRule, ValidationResult, VALIDATION_PATTERNS, SanitizeOptions, sanitizeInput",2025-11-08,muski4real,no,no
"client/src/utils/investor-demo-enhancements.ts",Utility,289,9,"DemoScenario, DEMO_SCENARIOS, DemoStateManager, getEnhancedDemoMetrics, getDemoBills",2025-12-02,muski4real,no,no
"client/src/utils/meta-tag-manager.ts",Utility,134,4,"metaTagManager, setCSRFToken, setCSPHeader, setViewport",2025-11-20,muski4real,no,no
"client/src/utils/mobile.ts",Utility,1715,52,"TouchEvent, DeviceInfo, ResponsiveBreakpoints, MobileErrorContext, TouchConfig",2025-12-04,muski4real,no,no
"client/src/utils/monitoring-init.ts",Utility,455,13,"initializeMonitoring, getMonitoringInstance",2025-11-20,muski4real,no,no
"client/src/utils/navigation/active-state.ts",Utility,188,5,"isNavigationPathActive, getActiveStateClasses, getActiveIconClasses, getActiveTextClasses, getRoleBasedActiveClasses",2025-11-03,muski4real,yes,no
"client/src/utils/navigation/breadcrumb-generator.ts",Utility,186,5,"generateBreadcrumbs, getPageTitle",2025-11-20,muski4real,yes,no
"client/src/utils/navigation/related-pages-calculator.ts",Utility,309,11,"calculateRelatedPages, getContextualSuggestions",2025-11-20,muski4real,yes,no
"client/src/utils/navigation/section-detector.ts",Utility,102,3,"determineNavigationSection, getSectionDisplayName, getSectionDescription, sectionRequiresAuth, sectionRequiresAdmin",2025-11-20,muski4real,yes,no
"client/src/utils/navigation/state-persistence.ts",Utility,323,9,"NavigationStatePersistence",2025-11-27,muski4real,yes,no
"client/src/utils/offlineAnalytics.ts",Utility,338,11,"OfflineEvent, OfflineAnalyticsReport, offlineAnalytics",2025-12-04,muski4real,no,no
"client/src/utils/performance-dashboard.ts",Utility,416,13,"PerformanceDashboardService, performanceDashboard, usePerformanceDashboard",2025-12-04,muski4real,no,no
"client/src/utils/performance-init.ts",Utility,59,2,"initializePerformanceMonitoring, runtimePerformanceMonitor, performanceBudgetChecker, performanceAlerts",2025-12-04,muski4real,no,no
"client/src/utils/performance-optimizer.ts",Utility,829,27,"BundleMetrics, CacheMetrics, OptimizationRecommendations, usePerformanceTracking, useOptimizedCallback",2025-12-04,muski4real,no,no
"client/src/utils/phase3-error-system.ts",Utility,1,0,"",2025-11-08,muski4real,no,no
"client/src/utils/preload-optimizer.ts",Utility,192,5,"preloadOptimizer, smartPreloads, initializeSmartPreloading",2025-11-12,muski4real,no,no
"client/src/utils/privacy-compliance.ts",Utility,543,15,"privacyCompliance, privacyUtils",2025-12-04,muski4real,no,no
"client/src/utils/rbac.ts",Utility,591,16,"RBACContext, Permission, Role, ROLES, RESOURCES",2025-12-04,muski4real,no,yes
"client/src/utils/realtime-optimizer.ts",Utility,602,17,"realtimeOptimizer",2025-11-16,muski4real,no,no
"client/src/utils/render-tracker.ts",Utility,476,16,"RenderTrackingData, ComponentLifecycleData, PerformanceImpactData, InfiniteRenderAlert, RenderStats",2025-12-04,muski4real,no,no
"client/src/utils/render-tracking-integration.ts",Utility,292,9,"RenderTrackingIntegration, trackRender, trackLifecycle, measurePerformance, measureAsyncPerformance",2025-11-20,muski4real,yes,no
"client/src/utils/route-validation.ts",Utility,172,6,"RouteDefinition, allRoutes, navigationLinks, validateRoutes, generateRouteMap",2025-11-03,muski4real,yes,no
"client/src/utils/rum-integration.ts",Utility,858,27,"rumService",2025-12-04,muski4real,no,no
"client/src/utils/safe-lazy-loading.tsx",Utility,887,29,"retryLazyComponentLoad, createSafeLazyPage, createNamedExportLazy, SafeLazyWrapperProps, SafeLazyWrapper",2025-12-04,muski4real,no,no
"client/src/utils/security.ts",Utility,1615,49,"CSPDirectives, SecurityEvent, SuspiciousActivityAlert, ValidationRule, PasswordStrength",2025-12-04,muski4real,no,no
"client/src/utils/server-status.ts",Utility,73,2,"ServerStatus, getCurrentServerStatus, initializeServerStatusCheck",2025-11-20,muski4real,no,no
"client/src/utils/service-recovery.ts",Utility,162,5,"serviceRecovery, startAutoRecovery, stopAutoRecovery",2025-10-28,muski4real,no,no
"client/src/utils/simple-lazy-pages.tsx",Utility,229,5,"LazyPages, routeConfig, preloadHighPriorityRoutes, SimpleLazyPages",2025-12-04,muski4real,no,no
"client/src/utils/style-performance.ts",Utility,160,4,"preloadDesignTokens, batchStyleUpdates, styleUtils, createDynamicStyles, layoutStable",2025-11-27,muski4real,no,no
"client/src/utils/testing.ts",Utility,801,26,"ImportValidator, MigrationValidator, ArchitectureValidator, TestHelpers, migrationValidator",2025-12-04,muski4real,no,no
"client/src/utils/tracing.ts",Utility,48,1,"startTrace, finishTrace, getActiveTracesCount",2025-11-20,muski4real,no,no
"client/src/utils/v1.ts",Utility,540,16,"assetLoader,
    AssetLoader,
    type AssetLoadConfig,
    type AssetLoadResult,
    type LoadingProgress, DEFAULT_ASSET_FALLBACKS,
    ASSET_LOAD_CONFIGS,
    EnhancementLevel,
    type FeatureAvailability,
    getAssetFallback,
    getAssetPriority,
    determineEnhancementLevel,
    getFeatureAvailability,
    applyDegradedMode,
    initializeAssetFallbacks, type BrowserInfo,
    type FeatureSet,
    FeatureDetector,
    BrowserDetector,
    browserDetector,
    featureDetector,
    getBrowserInfo,
    isBrowserSupported,
    getBrowserWarnings,
    getBrowserRecommendations,
    hasFeature,
    hasCriticalFeatures, type CompatibilityManagerConfig,
    type IssueSeverity,
    type CompatibilityRecommendation,
    type CompatibilityStatus,
    BrowserCompatibilityManager,
    browserCompatibilityManager,
    initializeBrowserCompatibility,
    getBrowserCompatibilityStatus,
    shouldBlockBrowser,
    getCompatibilityWarnings,
    getCompatibilityRecommendations,
    getActionableRecommendations, type BundleMetrics,
    type CacheMetrics,
    type OptimizationRecommendations,
    performanceOptimizer,
    usePerformanceTracking,
    useOptimizedCallback,
    useMemoryOptimizedState,
    lazyWithPreload,
    usePerformanceOptimization",2025-12-04,muski4real,no,no
"client/src/validation/index.ts",Other,131,4,"emailSchema, passwordSchema, usernameSchema, routeSchema, userSchema",2025-12-02,muski4real,no,no